name,time/op (ns/op),±
Gol/128x128x100-1-12,2.49050E+08,7%
Gol/128x128x100-2-12,1.54328E+08,15%
Gol/128x128x100-3-12,1.39723E+08,21%
Gol/128x128x100-4-12,9.22474E+07,0%
Gol/128x128x100-5-12,1.12711E+08,6%
Gol/128x128x100-6-12,9.88842E+07,5%
Gol/128x128x100-7-12,9.38474E+07,4%
Gol/128x128x100-8-12,9.01093E+07,12%
Gol/128x128x100-9-12,8.48321E+07,8%
Gol/128x128x100-10-12,1.02548E+08,13%
Gol/128x128x100-11-12,9.41827E+07,11%
Gol/128x128x100-12-12,1.01356E+08,8%
Gol/128x128x100-13-12,1.06108E+08,6%
Gol/128x128x100-14-12,8.73449E+07,6%
Gol/128x128x100-15-12,1.00831E+08,4%
Gol/128x128x100-16-12,8.53080E+07,8%
