name,time/op (ns/op),±
Gol/256x256x100-1-12,1.04614E+09,4%
Gol/256x256x100-2-12,7.71403E+08,6%
Gol/256x256x100-3-12,6.73749E+08,3%
Gol/256x256x100-4-12,6.28414E+08,3%
Gol/256x256x100-5-12,6.05790E+08,2%
Gol/256x256x100-6-12,5.78483E+08,2%
Gol/256x256x100-7-12,5.58842E+08,3%
Gol/256x256x100-8-12,5.38509E+08,7%
Gol/256x256x100-9-12,5.25111E+08,2%
Gol/256x256x100-10-12,5.20264E+08,2%
Gol/256x256x100-11-12,4.97461E+08,1%
Gol/256x256x100-12-12,4.86397E+08,2%
Gol/256x256x100-13-12,4.88306E+08,2%
Gol/256x256x100-14-12,4.67196E+08,2%
Gol/256x256x100-15-12,4.61401E+08,8%
Gol/256x256x100-16-12,4.37308E+08,1%
