name,time/op (ns/op),±
Gol/512x512x100-1-12,4.16645E+09,5%
Gol/512x512x100-2-12,2.84530E+09,4%
Gol/512x512x100-3-12,2.40611E+09,3%
Gol/512x512x100-4-12,2.18445E+09,2%
Gol/512x512x100-5-12,2.00563E+09,1%
Gol/512x512x100-6-12,1.89772E+09,1%
Gol/512x512x100-7-12,1.83451E+09,4%
Gol/512x512x100-8-12,1.78353E+09,5%
Gol/512x512x100-9-12,1.76639E+09,6%
Gol/512x512x100-10-12,1.63485E+09,1%
Gol/512x512x100-11-12,1.61646E+09,11%
Gol/512x512x100-12-12,1.59413E+09,10%
Gol/512x512x100-13-12,1.52005E+09,1%
Gol/512x512x100-14-12,1.51665E+09,1%
Gol/512x512x100-15-12,1.45233E+09,2%
Gol/512x512x100-16-12,1.41463E+09,1%
