name,time/op (ns/op),±
Gol/64x64x100-1-12,8.00194E+07,14%
Gol/64x64x100-2-12,5.63400E+07,14%
Gol/64x64x100-3-12,4.84148E+07,7%
Gol/64x64x100-4-12,4.67819E+07,3%
Gol/64x64x100-5-12,4.38980E+07,8%
Gol/64x64x100-6-12,4.34341E+07,6%
Gol/64x64x100-7-12,4.48492E+07,9%
Gol/64x64x100-8-12,4.06022E+07,2%
Gol/64x64x100-9-12,3.87642E+07,4%
Gol/64x64x100-10-12,4.11463E+07,2%
Gol/64x64x100-11-12,4.14420E+07,3%
Gol/64x64x100-12-12,3.77859E+07,3%
Gol/64x64x100-13-12,4.43917E+07,4%
Gol/64x64x100-14-12,4.00198E+07,10%
Gol/64x64x100-15-12,3.66338E+07,3%
Gol/64x64x100-16-12,3.35428E+07,2%
